max_bins,max_interaction_bins,interactions,outer_bags,inner_bags,learning_rate,validation_size,min_samples_leaf,max_leaves,features,auc,air,n_jobs,early_stopping_rounds,random_state
512,32,5,12,0,0.01,0.5,2,5,"no_intro_rate_period_std, intro_rate_period_std, loan_amount_std, income_std, debt_to_income_ratio_std, debt_to_income_ratio_missing, term_360",0.7449577468655384,0.8695655026137655,4.0,100.0,3463.0
512,16,5,12,4,0.01,0.5,10,5,"term_360, no_intro_rate_period_std, loan_amount_std, property_value_std, income_std, conforming, intro_rate_period_std, debt_to_income_ratio_missing, loan_to_value_ratio_std, debt_to_income_ratio_std",0.8204455014911858,0.713318205690328,4.0,100.0,3463.0
128,32,15,8,0,0.01,0.1,5,3,conforming,0.5326874507160902,1.0,4.0,100.0,3463.0
512,32,15,4,4,0.001,0.25,1,3,"loan_amount_std, term_360, conforming, income_std, loan_to_value_ratio_std, debt_to_income_ratio_std, no_intro_rate_period_std, property_value_std, debt_to_income_ratio_missing, intro_rate_period_std",0.8239374650376635,0.7226841099552518,4.0,100.0,3463.0
256,64,15,4,4,0.001,0.5,1,1,"income_std, property_value_std, loan_amount_std, term_360, intro_rate_period_std, loan_to_value_ratio_std, debt_to_income_ratio_std, conforming, no_intro_rate_period_std, debt_to_income_ratio_missing",0.5,1.0,4.0,100.0,3463.0
256,32,15,12,4,0.05,0.25,5,5,"no_intro_rate_period_std, intro_rate_period_std, debt_to_income_ratio_std",0.6485927935972462,0.9081730356584249,4.0,100.0,3463.0
256,16,15,12,4,0.01,0.25,10,1,"intro_rate_period_std, property_value_std, debt_to_income_ratio_std, debt_to_income_ratio_missing, no_intro_rate_period_std, term_360, income_std, conforming, loan_to_value_ratio_std",0.5,1.0,4.0,100.0,3463.0
256,64,5,8,0,0.001,0.1,5,1,"loan_to_value_ratio_std, debt_to_income_ratio_std, term_360, property_value_std, no_intro_rate_period_std, income_std, loan_amount_std, debt_to_income_ratio_missing, intro_rate_period_std, conforming",0.5,1.0,4.0,100.0,3463.0
256,64,5,8,0,0.001,0.25,2,1,income_std,0.5,1.0,4.0,100.0,3463.0
128,32,15,4,0,0.001,0.25,1,5,"no_intro_rate_period_std, property_value_std, intro_rate_period_std, conforming, income_std",0.7328548376486882,0.9224928687884045,4.0,100.0,3463.0
256,16,15,12,4,0.05,0.5,5,3,"conforming, income_std, loan_to_value_ratio_std, term_360",0.767443420095909,0.6433603819456715,4.0,100.0,3463.0
128,16,15,8,4,0.05,0.5,2,3,"term_360, income_std, property_value_std, debt_to_income_ratio_std, conforming",0.7659936476178848,0.7995947303118534,4.0,100.0,3463.0
128,64,5,8,4,0.05,0.5,1,5,"conforming, term_360, no_intro_rate_period_std, intro_rate_period_std, debt_to_income_ratio_std, property_value_std, income_std, loan_to_value_ratio_std, loan_amount_std",0.8210040378250999,0.734869601825583,4.0,100.0,3463.0
512,32,15,8,4,0.01,0.1,5,1,income_std,0.5,1.0,4.0,100.0,3463.0
512,16,15,4,0,0.01,0.25,2,5,"debt_to_income_ratio_std, conforming, intro_rate_period_std, property_value_std, loan_amount_std, debt_to_income_ratio_missing, no_intro_rate_period_std, income_std",0.7998902734030245,0.742868646627792,4.0,100.0,3463.0
512,32,10,8,4,0.05,0.1,1,1,"property_value_std, loan_amount_std, loan_to_value_ratio_std, intro_rate_period_std, term_360, debt_to_income_ratio_std, debt_to_income_ratio_missing, income_std",0.5,1.0,4.0,100.0,3463.0
256,32,5,4,0,0.05,0.25,2,1,"property_value_std, conforming, loan_amount_std",0.5,1.0,4.0,100.0,3463.0
512,32,10,12,4,0.05,0.1,2,3,"loan_amount_std, loan_to_value_ratio_std, intro_rate_period_std, debt_to_income_ratio_missing, property_value_std, term_360, conforming",0.8019404549302828,0.6454841397759745,4.0,100.0,3463.0
512,16,10,8,0,0.001,0.1,10,3,"property_value_std, loan_amount_std",0.7515571604286212,0.7757813196234549,4.0,100.0,3463.0
256,16,10,8,4,0.001,0.1,1,5,"debt_to_income_ratio_missing, term_360, conforming, income_std, debt_to_income_ratio_std, loan_amount_std, no_intro_rate_period_std, intro_rate_period_std",0.7469872104359901,0.8553338713902975,4.0,100.0,3463.0
256,32,15,8,0,0.01,0.25,1,1,"debt_to_income_ratio_std, property_value_std, loan_amount_std, income_std, no_intro_rate_period_std, term_360, debt_to_income_ratio_missing, intro_rate_period_std, loan_to_value_ratio_std",0.5,1.0,4.0,100.0,3463.0
128,16,15,4,0,0.05,0.25,10,5,"term_360, income_std, intro_rate_period_std",0.6712987127915613,1.0034740299734324,4.0,100.0,3463.0
128,16,10,8,4,0.05,0.1,2,1,"debt_to_income_ratio_missing, debt_to_income_ratio_std, property_value_std, loan_amount_std, conforming, intro_rate_period_std, no_intro_rate_period_std",0.5,1.0,4.0,100.0,3463.0
128,16,15,4,4,0.05,0.25,2,3,"loan_amount_std, intro_rate_period_std, income_std, debt_to_income_ratio_missing, no_intro_rate_period_std, property_value_std",0.7756037043917641,0.7753934765756897,4.0,100.0,3463.0
128,32,10,12,4,0.01,0.1,2,1,property_value_std,0.5,1.0,4.0,100.0,3463.0
128,32,5,4,0,0.05,0.5,10,5,"debt_to_income_ratio_std, intro_rate_period_std, term_360, debt_to_income_ratio_missing, property_value_std, income_std, loan_amount_std",0.8062725689040383,0.7489462715513929,4.0,100.0,3463.0
256,16,15,12,0,0.01,0.1,5,5,"term_360, debt_to_income_ratio_std, no_intro_rate_period_std, income_std, loan_to_value_ratio_std",0.7964392085542684,0.6616348457384938,4.0,100.0,3463.0
256,64,10,12,4,0.05,0.5,5,1,"property_value_std, intro_rate_period_std",0.5,1.0,4.0,100.0,3463.0
256,64,15,4,4,0.01,0.1,2,1,"loan_amount_std, intro_rate_period_std, conforming, term_360, loan_to_value_ratio_std, debt_to_income_ratio_missing",0.5,1.0,4.0,100.0,3463.0
256,16,15,8,0,0.05,0.25,5,5,"intro_rate_period_std, loan_amount_std, debt_to_income_ratio_std",0.7321645804966954,0.8778980966136151,4.0,100.0,3463.0
128,32,5,12,4,0.01,0.1,10,5,"property_value_std, conforming, debt_to_income_ratio_missing, no_intro_rate_period_std, loan_amount_std, term_360, loan_to_value_ratio_std, intro_rate_period_std, debt_to_income_ratio_std",0.8181731435372682,0.7054627934725616,4.0,100.0,3463.0
256,64,15,4,4,0.01,0.25,1,1,intro_rate_period_std,0.5,1.0,4.0,100.0,3463.0
256,64,10,8,4,0.05,0.25,2,5,"property_value_std, intro_rate_period_std, no_intro_rate_period_std, debt_to_income_ratio_missing, debt_to_income_ratio_std, income_std",0.7772793083727967,0.8088529674149089,4.0,100.0,3463.0
128,32,5,12,0,0.01,0.25,1,5,no_intro_rate_period_std,0.5081347765824038,1.0,4.0,100.0,3463.0
512,16,15,4,4,0.01,0.25,1,3,"loan_amount_std, conforming, loan_to_value_ratio_std, income_std, intro_rate_period_std",0.8017388709426984,0.6856219935597825,4.0,100.0,3463.0
128,32,15,8,4,0.05,0.1,2,1,"income_std, term_360, loan_amount_std, conforming",0.5,1.0,4.0,100.0,3463.0
128,64,10,8,4,0.05,0.25,10,3,"loan_to_value_ratio_std, income_std",0.7657865910571949,0.6409308829456835,4.0,100.0,3463.0
512,32,10,4,0,0.01,0.1,5,1,"loan_to_value_ratio_std, intro_rate_period_std, debt_to_income_ratio_missing, income_std",0.5,1.0,4.0,100.0,3463.0
256,64,5,8,0,0.01,0.1,10,1,"no_intro_rate_period_std, debt_to_income_ratio_missing, loan_amount_std, intro_rate_period_std, conforming, income_std",0.5,1.0,4.0,100.0,3463.0
256,64,10,4,4,0.05,0.25,1,1,"property_value_std, debt_to_income_ratio_std, conforming, no_intro_rate_period_std",0.5,1.0,4.0,100.0,3463.0
128,32,5,8,4,0.001,0.25,2,3,"intro_rate_period_std, loan_amount_std, income_std, property_value_std, term_360, debt_to_income_ratio_missing, loan_to_value_ratio_std, conforming, no_intro_rate_period_std, debt_to_income_ratio_std",0.8198240757529436,0.7343164241529401,4.0,100.0,3463.0
512,16,5,12,0,0.05,0.1,2,5,"no_intro_rate_period_std, loan_amount_std, conforming, intro_rate_period_std, property_value_std, income_std, debt_to_income_ratio_std, debt_to_income_ratio_missing",0.7977301132391855,0.7546488259893546,4.0,100.0,3463.0
256,16,5,4,0,0.001,0.25,10,3,"no_intro_rate_period_std, intro_rate_period_std, property_value_std, term_360, conforming",0.7338561302503728,0.9303332429567385,4.0,100.0,3463.0
512,16,10,12,4,0.001,0.1,1,1,"no_intro_rate_period_std, term_360, property_value_std",0.5,1.0,4.0,100.0,3463.0
256,16,5,12,4,0.001,0.1,5,1,"term_360, loan_amount_std",0.5,1.0,4.0,100.0,3463.0
128,32,15,8,0,0.05,0.1,1,3,"term_360, intro_rate_period_std",0.5495693571974876,1.0059798321872557,4.0,100.0,3463.0
128,16,10,4,0,0.05,0.25,1,3,"no_intro_rate_period_std, term_360, loan_to_value_ratio_std, conforming, income_std, intro_rate_period_std, property_value_std",0.8022369504059259,0.6750151250419674,4.0,100.0,3463.0
128,16,15,8,4,0.01,0.5,5,1,"property_value_std, conforming, no_intro_rate_period_std, debt_to_income_ratio_std, intro_rate_period_std",0.5,1.0,4.0,100.0,3463.0
256,64,15,4,0,0.01,0.25,10,1,"loan_to_value_ratio_std, intro_rate_period_std, debt_to_income_ratio_missing, no_intro_rate_period_std, conforming, income_std, property_value_std",0.5,1.0,4.0,100.0,3463.0
128,64,15,12,4,0.001,0.1,2,5,"no_intro_rate_period_std, intro_rate_period_std",0.5314539226967218,1.006274236586491,4.0,100.0,3463.0
