max_bins,max_interaction_bins,interactions,outer_bags,inner_bags,learning_rate,validation_size,min_samples_leaf,max_leaves,features,auc,air,n_jobs,early_stopping_rounds,random_state
256,64,10,4,0,0.01,0.5,1,1,"property_value_std, debt_to_income_ratio_missing, no_intro_rate_period_std, loan_amount_std, debt_to_income_ratio_std, conforming, income_std, term_360",0.5,1.0,4.0,100.0,7153.0
128,64,15,8,4,0.05,0.5,10,5,"debt_to_income_ratio_std, conforming, debt_to_income_ratio_missing, term_360, property_value_std, no_intro_rate_period_std, income_std, loan_to_value_ratio_std",0.8184380537308875,0.7166182948823057,4.0,100.0,7153.0
512,64,5,4,4,0.001,0.5,10,3,"conforming, loan_amount_std, loan_to_value_ratio_std, income_std, term_360, property_value_std, debt_to_income_ratio_std",0.8079990929184975,0.713715059535588,4.0,100.0,7153.0
512,16,5,8,4,0.01,0.1,5,3,"intro_rate_period_std, property_value_std, no_intro_rate_period_std, debt_to_income_ratio_missing, income_std, loan_to_value_ratio_std, loan_amount_std",0.8010650917585328,0.6587643939444038,4.0,100.0,7153.0
256,32,5,8,0,0.001,0.25,2,5,"property_value_std, debt_to_income_ratio_missing",0.7081342534244978,0.9269771898855244,4.0,100.0,7153.0
512,16,15,8,4,0.01,0.1,10,5,"debt_to_income_ratio_std, term_360, property_value_std, income_std, debt_to_income_ratio_missing, no_intro_rate_period_std, loan_to_value_ratio_std, loan_amount_std, conforming",0.8190407672856769,0.7086948130219907,4.0,100.0,7153.0
128,16,15,12,4,0.01,0.5,2,3,"loan_to_value_ratio_std, income_std, loan_amount_std, intro_rate_period_std, no_intro_rate_period_std, conforming, debt_to_income_ratio_std, property_value_std, debt_to_income_ratio_missing",0.8220637865448265,0.7215481280054713,4.0,100.0,7153.0
128,64,5,8,0,0.01,0.25,2,5,"no_intro_rate_period_std, term_360, debt_to_income_ratio_std, loan_amount_std, conforming, income_std, property_value_std, intro_rate_period_std, debt_to_income_ratio_missing, loan_to_value_ratio_std",0.821364745661964,0.7145494918561516,4.0,100.0,7153.0
128,64,10,8,4,0.05,0.25,10,3,"loan_amount_std, no_intro_rate_period_std, debt_to_income_ratio_std, income_std, conforming, debt_to_income_ratio_missing, intro_rate_period_std, property_value_std, loan_to_value_ratio_std",0.8222031564134796,0.7205438080005147,4.0,100.0,7153.0
256,16,10,12,0,0.001,0.25,10,1,"conforming, loan_amount_std",0.5,1.0,4.0,100.0,7153.0
256,16,5,8,0,0.05,0.5,5,3,"debt_to_income_ratio_std, property_value_std, intro_rate_period_std, no_intro_rate_period_std, loan_amount_std, loan_to_value_ratio_std",0.8167788875520079,0.7033273297648903,4.0,100.0,7153.0
512,16,5,4,0,0.01,0.1,2,1,"debt_to_income_ratio_std, conforming, no_intro_rate_period_std",0.5,1.0,4.0,100.0,7153.0
128,16,15,12,4,0.05,0.1,1,1,"loan_amount_std, debt_to_income_ratio_missing, debt_to_income_ratio_std, conforming, loan_to_value_ratio_std",0.5,1.0,4.0,100.0,7153.0
128,64,10,4,0,0.01,0.1,5,3,"no_intro_rate_period_std, loan_amount_std, intro_rate_period_std, property_value_std, debt_to_income_ratio_missing, debt_to_income_ratio_std, term_360, income_std, conforming, loan_to_value_ratio_std",0.8230245017741831,0.7186779240459954,4.0,100.0,7153.0
256,16,10,8,0,0.05,0.25,10,3,"intro_rate_period_std, debt_to_income_ratio_missing, no_intro_rate_period_std, loan_to_value_ratio_std, income_std, loan_amount_std, term_360, debt_to_income_ratio_std, property_value_std, conforming",0.8231789237292306,0.7175291297485498,4.0,100.0,7153.0
256,16,5,8,4,0.05,0.25,5,3,"loan_to_value_ratio_std, debt_to_income_ratio_missing, no_intro_rate_period_std, income_std, property_value_std, intro_rate_period_std, debt_to_income_ratio_std, loan_amount_std",0.8196982040611653,0.7235457370781144,4.0,100.0,7153.0
256,64,10,12,4,0.01,0.25,1,3,"debt_to_income_ratio_std, no_intro_rate_period_std, term_360",0.6384166468323548,0.9021557111278149,4.0,100.0,7153.0
256,32,10,8,4,0.001,0.1,2,1,"term_360, conforming, loan_to_value_ratio_std, loan_amount_std, no_intro_rate_period_std, intro_rate_period_std, income_std, debt_to_income_ratio_missing, debt_to_income_ratio_std, property_value_std",0.5,1.0,4.0,100.0,7153.0
256,64,10,4,0,0.01,0.5,10,1,"conforming, income_std, term_360, debt_to_income_ratio_std, loan_amount_std",0.5,1.0,4.0,100.0,7153.0
128,32,15,4,4,0.001,0.5,5,5,"income_std, term_360, no_intro_rate_period_std",0.6547085998915747,0.9982058884794647,4.0,100.0,7153.0
512,64,5,8,4,0.05,0.5,5,5,"debt_to_income_ratio_std, income_std, no_intro_rate_period_std, loan_to_value_ratio_std, term_360",0.7934181825166994,0.6541524738717199,4.0,100.0,7153.0
256,64,15,12,0,0.001,0.5,10,3,"property_value_std, term_360, loan_to_value_ratio_std",0.7839726819995312,0.6721076818276124,4.0,100.0,7153.0
256,64,10,4,4,0.05,0.25,1,3,"property_value_std, debt_to_income_ratio_missing, debt_to_income_ratio_std",0.7488869514306526,0.8126512062691718,4.0,100.0,7153.0
256,32,15,12,0,0.05,0.1,10,3,"income_std, debt_to_income_ratio_std, term_360, loan_to_value_ratio_std, debt_to_income_ratio_missing, loan_amount_std, conforming",0.8114087720607328,0.7116459072117902,4.0,100.0,7153.0
512,16,5,8,4,0.01,0.5,10,1,"debt_to_income_ratio_std, no_intro_rate_period_std, loan_amount_std, conforming, term_360, intro_rate_period_std, loan_to_value_ratio_std, property_value_std, debt_to_income_ratio_missing, income_std",0.5,1.0,4.0,100.0,7153.0
128,16,15,8,0,0.001,0.5,5,5,"no_intro_rate_period_std, debt_to_income_ratio_std, loan_to_value_ratio_std, conforming",0.7885663623745316,0.6472524623563785,4.0,100.0,7153.0
128,32,5,4,4,0.05,0.1,1,5,"loan_amount_std, intro_rate_period_std, property_value_std, conforming, no_intro_rate_period_std, term_360, income_std, loan_to_value_ratio_std, debt_to_income_ratio_std",0.8210258979932656,0.7316872441552325,4.0,100.0,7153.0
128,16,15,12,0,0.01,0.1,2,3,"intro_rate_period_std, debt_to_income_ratio_std",0.6485537525619549,0.9072600408690351,4.0,100.0,7153.0
128,16,15,4,4,0.001,0.5,10,3,"debt_to_income_ratio_missing, debt_to_income_ratio_std, loan_to_value_ratio_std, loan_amount_std, intro_rate_period_std",0.8171506158457218,0.7079460408715764,4.0,100.0,7153.0
128,64,5,8,4,0.001,0.1,10,3,"loan_to_value_ratio_std, debt_to_income_ratio_missing, debt_to_income_ratio_std, term_360, no_intro_rate_period_std, intro_rate_period_std",0.7931582403149038,0.6917396375070604,4.0,100.0,7153.0
512,64,15,4,0,0.05,0.25,1,5,"property_value_std, intro_rate_period_std, loan_to_value_ratio_std, loan_amount_std, no_intro_rate_period_std, conforming",0.7991507329688279,0.6452374793028897,4.0,100.0,7153.0
256,32,15,8,0,0.001,0.1,5,5,"conforming, no_intro_rate_period_std",0.5309834445827115,1.0,4.0,100.0,7153.0
128,64,15,12,4,0.01,0.25,10,1,"no_intro_rate_period_std, debt_to_income_ratio_missing, conforming, debt_to_income_ratio_std",0.5,1.0,4.0,100.0,7153.0
256,16,5,12,0,0.01,0.25,2,3,"conforming, loan_amount_std, debt_to_income_ratio_missing, intro_rate_period_std, term_360, income_std",0.7019001818129366,0.9895290959291494,4.0,100.0,7153.0
512,32,5,4,0,0.05,0.5,5,3,"property_value_std, debt_to_income_ratio_std, conforming, loan_to_value_ratio_std, intro_rate_period_std, term_360",0.8192318981565593,0.6926293109327564,4.0,100.0,7153.0
128,64,15,8,0,0.05,0.5,10,3,"conforming, income_std",0.6480849764683875,1.0,4.0,100.0,7153.0
256,64,10,8,0,0.001,0.25,10,5,"debt_to_income_ratio_missing, conforming, no_intro_rate_period_std",0.5312622470788836,1.0,4.0,100.0,7153.0
512,32,15,12,0,0.05,0.1,10,3,debt_to_income_ratio_std,0.6294023976276627,0.902099821948905,4.0,100.0,7153.0
512,64,10,4,4,0.05,0.1,5,1,"income_std, property_value_std, intro_rate_period_std, loan_to_value_ratio_std, debt_to_income_ratio_std, debt_to_income_ratio_missing, term_360, loan_amount_std, no_intro_rate_period_std",0.5,1.0,4.0,100.0,7153.0
256,64,15,4,0,0.001,0.5,2,5,"debt_to_income_ratio_std, loan_amount_std, conforming, term_360, no_intro_rate_period_std",0.7281038433901001,0.8703842334583471,4.0,100.0,7153.0
128,64,5,8,0,0.05,0.5,10,5,"loan_amount_std, debt_to_income_ratio_std, debt_to_income_ratio_missing, income_std, term_360",0.7357279661429073,0.8565863905521187,4.0,100.0,7153.0
128,16,5,12,0,0.05,0.25,1,3,"loan_amount_std, conforming, no_intro_rate_period_std, debt_to_income_ratio_std, term_360, income_std, debt_to_income_ratio_missing, loan_to_value_ratio_std",0.8136439491521442,0.7399345950389051,4.0,100.0,7153.0
512,16,10,12,0,0.05,0.1,10,3,"no_intro_rate_period_std, debt_to_income_ratio_missing",0.508596681835334,1.0007536450331893,4.0,100.0,7153.0
256,16,5,12,4,0.05,0.5,5,1,"no_intro_rate_period_std, term_360, conforming, debt_to_income_ratio_missing, debt_to_income_ratio_std, income_std, loan_to_value_ratio_std, property_value_std",0.5,1.0,4.0,100.0,7153.0
512,32,10,4,0,0.01,0.25,5,3,"term_360, loan_amount_std, debt_to_income_ratio_std, loan_to_value_ratio_std, conforming, intro_rate_period_std, income_std, property_value_std",0.8240641852293082,0.7193221241282711,4.0,100.0,7153.0
256,32,15,4,0,0.05,0.1,2,5,"term_360, no_intro_rate_period_std, property_value_std, loan_amount_std, conforming, debt_to_income_ratio_std, income_std, debt_to_income_ratio_missing, intro_rate_period_std, loan_to_value_ratio_std",0.8232819537041803,0.7215462063557458,4.0,100.0,7153.0
256,64,5,8,0,0.001,0.5,5,5,"debt_to_income_ratio_missing, loan_to_value_ratio_std, debt_to_income_ratio_std, loan_amount_std, no_intro_rate_period_std, income_std, property_value_std",0.8144290650747483,0.7293658350238705,4.0,100.0,7153.0
128,16,15,4,4,0.001,0.1,10,3,"loan_to_value_ratio_std, loan_amount_std, intro_rate_period_std",0.7988158089844246,0.6617938883597133,4.0,100.0,7153.0
128,32,5,12,4,0.001,0.25,1,5,"term_360, conforming, debt_to_income_ratio_missing",0.5510428525268171,1.0000289653574326,4.0,100.0,7153.0
128,64,10,8,0,0.001,0.25,1,3,"intro_rate_period_std, no_intro_rate_period_std, property_value_std, debt_to_income_ratio_std, term_360",0.7680628902678903,0.8126917185547635,4.0,100.0,7153.0
