max_bins,max_interaction_bins,interactions,outer_bags,inner_bags,learning_rate,validation_size,min_samples_leaf,max_leaves,features,auc,air,n_jobs,early_stopping_rounds,random_state
256,32,10,4,0,0.01,0.25,5,5,"property_value_std, loan_to_value_ratio_std, intro_rate_period_std",0.7995789166279396,0.651308933367887,4.0,100.0,7835.0
512,16,5,12,0,0.05,0.1,5,5,"term_360, income_std, conforming, property_value_std, debt_to_income_ratio_missing, intro_rate_period_std",0.74014808059841,0.9072176584442418,4.0,100.0,7835.0
256,64,15,12,0,0.01,0.1,10,1,"intro_rate_period_std, conforming, loan_to_value_ratio_std, property_value_std",0.5,1.0,4.0,100.0,7835.0
128,16,15,8,0,0.001,0.1,1,1,"loan_amount_std, no_intro_rate_period_std, property_value_std, income_std",0.5,1.0,4.0,100.0,7835.0
256,64,15,8,4,0.01,0.25,2,1,"property_value_std, debt_to_income_ratio_missing, term_360, loan_amount_std, intro_rate_period_std",0.5,1.0,4.0,100.0,7835.0
256,16,15,4,0,0.001,0.5,10,1,"debt_to_income_ratio_missing, no_intro_rate_period_std, debt_to_income_ratio_std, intro_rate_period_std, loan_amount_std, income_std, loan_to_value_ratio_std, conforming, property_value_std",0.5,1.0,4.0,100.0,7835.0
128,16,15,12,4,0.05,0.5,10,5,"term_360, no_intro_rate_period_std, property_value_std, debt_to_income_ratio_std",0.7566155978194176,0.8070614432019867,4.0,100.0,7835.0
512,64,10,12,4,0.001,0.5,2,3,property_value_std,0.7079380039405136,0.9268492250608577,4.0,100.0,7835.0
256,32,15,12,0,0.05,0.5,1,5,"conforming, property_value_std, no_intro_rate_period_std, term_360, income_std, intro_rate_period_std, debt_to_income_ratio_missing, loan_to_value_ratio_std",0.8034651740459495,0.6711662808572745,4.0,100.0,7835.0
256,64,5,12,4,0.05,0.25,2,1,"conforming, debt_to_income_ratio_missing, property_value_std",0.5,1.0,4.0,100.0,7835.0
512,32,15,8,0,0.01,0.5,1,1,"term_360, conforming, loan_amount_std, intro_rate_period_std, debt_to_income_ratio_missing",0.5,1.0,4.0,100.0,7835.0
512,16,15,4,4,0.01,0.25,10,3,"debt_to_income_ratio_std, intro_rate_period_std, property_value_std, loan_amount_std, debt_to_income_ratio_missing, conforming, no_intro_rate_period_std",0.793877067813003,0.7419557975374522,4.0,100.0,7835.0
128,32,10,4,4,0.001,0.25,2,5,"property_value_std, intro_rate_period_std, income_std, conforming, term_360, debt_to_income_ratio_missing, no_intro_rate_period_std, debt_to_income_ratio_std, loan_to_value_ratio_std, loan_amount_std",0.8203279792389253,0.7139202335239755,4.0,100.0,7835.0
512,64,5,8,0,0.01,0.5,1,5,"loan_to_value_ratio_std, no_intro_rate_period_std",0.7693623853863703,0.6064502873120186,4.0,100.0,7835.0
256,64,10,8,0,0.01,0.25,5,5,"debt_to_income_ratio_std, term_360, intro_rate_period_std, loan_to_value_ratio_std",0.797716853546001,0.6468306535695525,4.0,100.0,7835.0
256,32,10,4,0,0.01,0.25,10,1,"loan_amount_std, debt_to_income_ratio_missing, debt_to_income_ratio_std, term_360, intro_rate_period_std",0.5,1.0,4.0,100.0,7835.0
256,16,10,12,4,0.05,0.1,5,1,"income_std, debt_to_income_ratio_missing, no_intro_rate_period_std, property_value_std, loan_amount_std, loan_to_value_ratio_std, intro_rate_period_std, term_360, debt_to_income_ratio_std",0.5,1.0,4.0,100.0,7835.0
128,64,10,12,4,0.05,0.25,10,5,"conforming, no_intro_rate_period_std",0.5309834445827115,1.0,4.0,100.0,7835.0
128,32,10,4,0,0.05,0.1,5,5,"no_intro_rate_period_std, income_std, intro_rate_period_std, debt_to_income_ratio_missing",0.664735955426866,1.0040707011147016,4.0,100.0,7835.0
128,32,5,8,0,0.05,0.5,2,1,"loan_to_value_ratio_std, debt_to_income_ratio_missing, term_360",0.5,1.0,4.0,100.0,7835.0
512,64,5,4,4,0.01,0.25,5,3,"conforming, intro_rate_period_std, income_std, no_intro_rate_period_std, debt_to_income_ratio_missing, loan_amount_std",0.6893519507458781,0.9972341061291248,4.0,100.0,7835.0
128,32,5,4,0,0.01,0.5,2,3,"property_value_std, intro_rate_period_std, no_intro_rate_period_std, income_std, debt_to_income_ratio_missing, term_360, conforming",0.7405649777030804,0.9010784231845326,4.0,100.0,7835.0
512,32,5,12,4,0.05,0.5,5,1,"intro_rate_period_std, income_std, debt_to_income_ratio_std",0.5,1.0,4.0,100.0,7835.0
256,32,10,4,4,0.05,0.25,2,5,"term_360, intro_rate_period_std, debt_to_income_ratio_std, income_std, no_intro_rate_period_std, conforming, property_value_std, loan_amount_std, loan_to_value_ratio_std",0.822363068514115,0.7166893275905276,4.0,100.0,7835.0
128,16,10,12,0,0.001,0.5,10,3,"intro_rate_period_std, no_intro_rate_period_std",0.5308333178444453,1.006274236586491,4.0,100.0,7835.0
512,16,15,12,0,0.01,0.25,2,1,"term_360, debt_to_income_ratio_std",0.5,1.0,4.0,100.0,7835.0
512,64,15,12,4,0.05,0.5,1,5,no_intro_rate_period_std,0.5081347765824038,1.0,4.0,100.0,7835.0
128,32,10,4,4,0.001,0.25,5,3,"loan_to_value_ratio_std, income_std, loan_amount_std, no_intro_rate_period_std, property_value_std, debt_to_income_ratio_std, conforming, debt_to_income_ratio_missing, intro_rate_period_std",0.82091857029118,0.7244514990678523,4.0,100.0,7835.0
128,32,5,4,0,0.01,0.25,1,1,"debt_to_income_ratio_missing, debt_to_income_ratio_std, no_intro_rate_period_std, loan_to_value_ratio_std, income_std, term_360, intro_rate_period_std",0.5,1.0,4.0,100.0,7835.0
512,64,5,12,0,0.05,0.1,2,5,"property_value_std, loan_to_value_ratio_std, intro_rate_period_std, income_std, term_360, conforming, no_intro_rate_period_std",0.8033393626026826,0.6619309470148373,4.0,100.0,7835.0
512,16,5,12,4,0.01,0.25,5,1,"income_std, no_intro_rate_period_std, conforming, intro_rate_period_std, term_360, debt_to_income_ratio_std, debt_to_income_ratio_missing",0.5,1.0,4.0,100.0,7835.0
256,16,10,4,4,0.001,0.1,5,1,"income_std, loan_to_value_ratio_std, term_360, conforming, loan_amount_std, property_value_std, no_intro_rate_period_std, debt_to_income_ratio_std, debt_to_income_ratio_missing, intro_rate_period_std",0.5,1.0,4.0,100.0,7835.0
256,16,15,8,0,0.05,0.1,2,3,"debt_to_income_ratio_std, loan_to_value_ratio_std, conforming, debt_to_income_ratio_missing, intro_rate_period_std, no_intro_rate_period_std",0.7973986409924062,0.6368674577208973,4.0,100.0,7835.0
512,16,15,4,0,0.05,0.1,1,5,"debt_to_income_ratio_std, income_std, debt_to_income_ratio_missing, loan_to_value_ratio_std, conforming, no_intro_rate_period_std, term_360",0.7976443570144827,0.6663847092743854,4.0,100.0,7835.0
256,16,15,12,0,0.01,0.1,10,3,term_360,0.5189095048583546,1.0,4.0,100.0,7835.0
128,16,10,12,4,0.05,0.1,1,5,"loan_to_value_ratio_std, income_std, intro_rate_period_std",0.7852043900117889,0.6497612318998248,4.0,100.0,7835.0
256,64,5,8,4,0.001,0.5,2,3,"loan_to_value_ratio_std, term_360",0.7515932166522508,0.6979677756462902,4.0,100.0,7835.0
256,16,15,4,4,0.05,0.1,2,1,"term_360, income_std, debt_to_income_ratio_std, conforming, property_value_std, no_intro_rate_period_std, intro_rate_period_std",0.5,1.0,4.0,100.0,7835.0
512,64,10,4,0,0.05,0.5,10,1,"property_value_std, conforming, term_360, loan_to_value_ratio_std",0.5,1.0,4.0,100.0,7835.0
512,16,5,12,0,0.01,0.5,2,5,"loan_amount_std, loan_to_value_ratio_std, debt_to_income_ratio_std, term_360, no_intro_rate_period_std, debt_to_income_ratio_missing",0.8129725146392084,0.7101054402448601,4.0,100.0,7835.0
256,16,5,12,4,0.05,0.1,2,5,"income_std, debt_to_income_ratio_missing, intro_rate_period_std, conforming, term_360, no_intro_rate_period_std, debt_to_income_ratio_std",0.7027088699655679,0.9100045489491809,4.0,100.0,7835.0
128,16,15,12,0,0.001,0.25,10,5,"income_std, property_value_std, debt_to_income_ratio_missing, no_intro_rate_period_std, term_360, loan_to_value_ratio_std, intro_rate_period_std, conforming",0.8029386673268297,0.6699410879285249,4.0,100.0,7835.0
512,16,5,8,4,0.01,0.25,1,3,"term_360, no_intro_rate_period_std",0.5276775284389793,1.0,4.0,100.0,7835.0
256,16,15,12,0,0.001,0.25,2,5,"term_360, conforming, income_std",0.6541932918644839,0.999438414816616,4.0,100.0,7835.0
256,32,5,4,4,0.05,0.1,1,1,"income_std, debt_to_income_ratio_missing",0.5,1.0,4.0,100.0,7835.0
512,32,15,4,0,0.001,0.25,10,3,"loan_amount_std, debt_to_income_ratio_missing, intro_rate_period_std, debt_to_income_ratio_std, income_std, conforming, loan_to_value_ratio_std, property_value_std, term_360",0.8251336314489919,0.714255119273925,4.0,100.0,7835.0
256,64,15,12,0,0.001,0.25,1,1,income_std,0.5,1.0,4.0,100.0,7835.0
128,64,10,4,4,0.01,0.25,10,5,"conforming, property_value_std, income_std, debt_to_income_ratio_missing, loan_amount_std, debt_to_income_ratio_std, loan_to_value_ratio_std, term_360, intro_rate_period_std",0.8240823802797064,0.7217387140976673,4.0,100.0,7835.0
128,64,10,4,0,0.001,0.25,2,3,"loan_to_value_ratio_std, income_std, conforming, loan_amount_std, debt_to_income_ratio_std",0.8092506402634394,0.7134861738236926,4.0,100.0,7835.0
256,16,15,4,4,0.05,0.5,2,3,"property_value_std, loan_to_value_ratio_std, debt_to_income_ratio_std, conforming",0.802124913278544,0.7024100410455467,4.0,100.0,7835.0
