max_bins,max_interaction_bins,interactions,outer_bags,inner_bags,learning_rate,validation_size,min_samples_leaf,max_leaves,features,auc,air,n_jobs,early_stopping_rounds,random_state
128,32,10,8,0,0.05,0.5,5,3,"no_intro_rate_period_std, debt_to_income_ratio_std, property_value_std, term_360, intro_rate_period_std, loan_amount_std, income_std, debt_to_income_ratio_missing, conforming",0.8107843087933817,0.7315888329422546,4.0,100.0,6842.0
256,64,10,4,0,0.05,0.1,2,5,"loan_amount_std, debt_to_income_ratio_std, conforming, no_intro_rate_period_std, intro_rate_period_std, term_360, loan_to_value_ratio_std, debt_to_income_ratio_missing, income_std, property_value_std",0.8216391274236232,0.7165374069298751,4.0,100.0,6842.0
256,16,15,8,4,0.05,0.1,10,1,"intro_rate_period_std, loan_amount_std, conforming, property_value_std, income_std, no_intro_rate_period_std, debt_to_income_ratio_std, loan_to_value_ratio_std",0.5,1.0,4.0,100.0,6842.0
256,32,10,4,4,0.05,0.5,1,3,"property_value_std, intro_rate_period_std, conforming, income_std, no_intro_rate_period_std, debt_to_income_ratio_missing, debt_to_income_ratio_std",0.7769101732754213,0.8118624345367049,4.0,100.0,6842.0
512,64,5,8,0,0.05,0.5,5,1,loan_amount_std,0.5,1.0,4.0,100.0,6842.0
512,16,5,8,4,0.001,0.5,2,5,"term_360, loan_to_value_ratio_std",0.7571922287895442,0.6842086965861989,4.0,100.0,6842.0
128,64,10,4,4,0.05,0.5,10,3,"no_intro_rate_period_std, term_360, debt_to_income_ratio_std, loan_to_value_ratio_std, income_std, property_value_std, loan_amount_std, conforming, intro_rate_period_std",0.8230966744699535,0.7210179473421532,4.0,100.0,6842.0
128,32,10,12,0,0.05,0.1,1,5,"loan_amount_std, debt_to_income_ratio_std",0.7187857157567821,0.8761514753901753,4.0,100.0,6842.0
256,16,5,12,0,0.05,0.25,5,3,"term_360, loan_amount_std, income_std, intro_rate_period_std, no_intro_rate_period_std, property_value_std",0.7799059476557118,0.7737584580247381,4.0,100.0,6842.0
256,64,15,12,0,0.001,0.1,2,3,"no_intro_rate_period_std, property_value_std, loan_amount_std, loan_to_value_ratio_std, intro_rate_period_std, income_std, conforming",0.8026725371008575,0.674959072021593,4.0,100.0,6842.0
128,32,10,12,4,0.01,0.25,1,5,"debt_to_income_ratio_missing, no_intro_rate_period_std, term_360, conforming, property_value_std",0.7210198108853455,0.9245351458466213,4.0,100.0,6842.0
256,16,15,4,0,0.01,0.25,2,5,"loan_amount_std, no_intro_rate_period_std",0.6633284196655841,0.9936715098401161,4.0,100.0,6842.0
256,64,10,8,0,0.05,0.25,10,3,"income_std, conforming, property_value_std, debt_to_income_ratio_std, loan_to_value_ratio_std, no_intro_rate_period_std",0.8186806267889603,0.7200966418368352,4.0,100.0,6842.0
128,32,10,8,4,0.05,0.25,2,3,"no_intro_rate_period_std, loan_to_value_ratio_std, intro_rate_period_std, loan_amount_std, conforming, debt_to_income_ratio_std, debt_to_income_ratio_missing, income_std, term_360, property_value_std",0.8218933761411056,0.7072488670432999,4.0,100.0,6842.0
128,64,10,8,0,0.05,0.25,5,5,"property_value_std, loan_amount_std, term_360, debt_to_income_ratio_missing",0.7668470652694113,0.7465172431875464,4.0,100.0,6842.0
128,64,10,8,4,0.01,0.1,1,3,"no_intro_rate_period_std, loan_to_value_ratio_std",0.766254654210046,0.7025001420855564,4.0,100.0,6842.0
128,32,15,8,0,0.001,0.1,10,1,"income_std, debt_to_income_ratio_missing, no_intro_rate_period_std, property_value_std, intro_rate_period_std, debt_to_income_ratio_std, conforming, loan_to_value_ratio_std",0.5,1.0,4.0,100.0,6842.0
512,64,10,12,4,0.001,0.5,1,3,"loan_to_value_ratio_std, income_std, conforming, intro_rate_period_std, debt_to_income_ratio_missing, no_intro_rate_period_std, loan_amount_std, property_value_std, debt_to_income_ratio_std, term_360",0.8230056967076087,0.7167271669354214,4.0,100.0,6842.0
256,16,10,4,0,0.001,0.1,2,5,loan_to_value_ratio_std,0.7547226774582997,0.7181820795058764,4.0,100.0,6842.0
128,16,10,8,4,0.01,0.1,5,1,"conforming, property_value_std",0.5,1.0,4.0,100.0,6842.0
512,32,5,4,0,0.01,0.25,1,3,"no_intro_rate_period_std, debt_to_income_ratio_std, conforming, loan_amount_std, term_360, loan_to_value_ratio_std, property_value_std",0.8135770005043703,0.6962844804425019,4.0,100.0,6842.0
512,16,10,8,4,0.01,0.25,10,1,"no_intro_rate_period_std, intro_rate_period_std, debt_to_income_ratio_missing, loan_amount_std, loan_to_value_ratio_std, property_value_std, debt_to_income_ratio_std, income_std, term_360, conforming",0.5,1.0,4.0,100.0,6842.0
256,32,15,8,0,0.01,0.1,2,3,"debt_to_income_ratio_missing, debt_to_income_ratio_std, no_intro_rate_period_std, loan_amount_std, loan_to_value_ratio_std, income_std",0.8187262098084316,0.7170201866363913,4.0,100.0,6842.0
256,16,5,8,0,0.001,0.25,10,3,"no_intro_rate_period_std, conforming, loan_amount_std, intro_rate_period_std",0.6779324504335749,0.9986672723637133,4.0,100.0,6842.0
128,16,5,8,4,0.001,0.1,10,5,"loan_to_value_ratio_std, income_std, debt_to_income_ratio_missing, conforming, loan_amount_std, debt_to_income_ratio_std, term_360, property_value_std, intro_rate_period_std, no_intro_rate_period_std",0.820184085711219,0.7229597438722327,4.0,100.0,6842.0
128,16,15,4,0,0.01,0.25,1,1,"property_value_std, loan_amount_std, intro_rate_period_std, no_intro_rate_period_std, conforming",0.5,1.0,4.0,100.0,6842.0
256,16,10,8,4,0.05,0.25,5,5,"debt_to_income_ratio_missing, conforming, term_360, loan_amount_std",0.6761676786558894,0.9914623019546113,4.0,100.0,6842.0
512,64,10,4,4,0.05,0.1,1,5,"loan_to_value_ratio_std, debt_to_income_ratio_std, property_value_std, income_std, loan_amount_std, conforming, no_intro_rate_period_std, intro_rate_period_std, term_360, debt_to_income_ratio_missing",0.8215908307107909,0.718065764657238,4.0,100.0,6842.0
128,32,10,4,4,0.01,0.1,5,3,"loan_to_value_ratio_std, term_360, income_std, debt_to_income_ratio_missing, loan_amount_std, property_value_std, conforming, intro_rate_period_std, debt_to_income_ratio_std",0.8235574350011698,0.7195216891042023,4.0,100.0,6842.0
512,32,10,4,4,0.001,0.5,1,5,"loan_amount_std, intro_rate_period_std, property_value_std, no_intro_rate_period_std, debt_to_income_ratio_missing",0.7817181751774266,0.7449844647575792,4.0,100.0,6842.0
128,32,5,8,0,0.01,0.5,2,1,"conforming, loan_amount_std, term_360, property_value_std",0.5,1.0,4.0,100.0,6842.0
512,32,10,12,4,0.05,0.25,2,5,"debt_to_income_ratio_missing, no_intro_rate_period_std, loan_to_value_ratio_std, property_value_std, debt_to_income_ratio_std",0.8124606081426485,0.7034203846239488,4.0,100.0,6842.0
256,32,5,12,4,0.05,0.1,10,5,"loan_to_value_ratio_std, property_value_std, income_std, no_intro_rate_period_std, conforming, loan_amount_std",0.7950692076154962,0.6647480209900982,4.0,100.0,6842.0
512,32,5,12,0,0.05,0.1,2,3,"conforming, income_std",0.6481535091499363,0.9991961969052342,4.0,100.0,6842.0
512,64,10,12,4,0.05,0.1,2,3,"debt_to_income_ratio_std, debt_to_income_ratio_missing",0.6296681362383116,0.9028308818675745,4.0,100.0,6842.0
128,64,15,4,4,0.001,0.25,1,5,"no_intro_rate_period_std, debt_to_income_ratio_std, loan_to_value_ratio_std, intro_rate_period_std, debt_to_income_ratio_missing, loan_amount_std, term_360, property_value_std",0.8190225471317325,0.7097213890748019,4.0,100.0,6842.0
512,64,15,8,4,0.05,0.5,10,1,"debt_to_income_ratio_std, income_std, loan_amount_std, no_intro_rate_period_std, property_value_std, conforming, term_360, debt_to_income_ratio_missing, intro_rate_period_std, loan_to_value_ratio_std",0.5,1.0,4.0,100.0,6842.0
128,64,15,12,0,0.01,0.25,1,1,"no_intro_rate_period_std, loan_to_value_ratio_std, debt_to_income_ratio_missing, loan_amount_std, debt_to_income_ratio_std, income_std, conforming, term_360",0.5,1.0,4.0,100.0,6842.0
512,64,5,12,0,0.05,0.25,5,5,"term_360, debt_to_income_ratio_std, loan_amount_std, loan_to_value_ratio_std, no_intro_rate_period_std, conforming",0.8143565610121661,0.6961430114111974,4.0,100.0,6842.0
256,16,10,4,4,0.01,0.1,2,1,"conforming, term_360, intro_rate_period_std, property_value_std, loan_to_value_ratio_std, loan_amount_std, no_intro_rate_period_std, debt_to_income_ratio_missing",0.5,1.0,4.0,100.0,6842.0
128,16,5,8,4,0.001,0.1,5,5,"debt_to_income_ratio_missing, property_value_std, term_360, debt_to_income_ratio_std, income_std, loan_to_value_ratio_std, conforming",0.8073370471318982,0.7108628408793263,4.0,100.0,6842.0
512,16,10,12,0,0.001,0.5,5,5,"conforming, term_360, intro_rate_period_std, income_std, debt_to_income_ratio_std, debt_to_income_ratio_missing, loan_amount_std",0.747669615198683,0.8623934732286529,4.0,100.0,6842.0
512,16,15,8,0,0.01,0.1,10,5,"loan_amount_std, conforming, debt_to_income_ratio_std, loan_to_value_ratio_std, no_intro_rate_period_std, term_360, property_value_std, debt_to_income_ratio_missing",0.8139210220139727,0.6965141814933373,4.0,100.0,6842.0
128,64,15,8,4,0.001,0.25,10,1,"intro_rate_period_std, income_std, debt_to_income_ratio_missing, no_intro_rate_period_std",0.5,1.0,4.0,100.0,6842.0
512,32,15,12,0,0.01,0.1,5,3,"term_360, debt_to_income_ratio_std, loan_amount_std, conforming, intro_rate_period_std, debt_to_income_ratio_missing, no_intro_rate_period_std, property_value_std, loan_to_value_ratio_std",0.8202307858385032,0.6962860770530607,4.0,100.0,6842.0
512,64,10,4,0,0.01,0.25,2,3,income_std,0.647220746719446,1.0,4.0,100.0,6842.0
256,32,10,4,0,0.01,0.1,10,1,"loan_to_value_ratio_std, no_intro_rate_period_std, intro_rate_period_std",0.5,1.0,4.0,100.0,6842.0
512,64,5,8,0,0.001,0.5,10,3,"loan_amount_std, no_intro_rate_period_std, conforming, debt_to_income_ratio_missing, income_std, loan_to_value_ratio_std",0.7958666518897151,0.669982660605142,4.0,100.0,6842.0
128,32,5,4,0,0.01,0.1,10,5,"loan_amount_std, intro_rate_period_std, debt_to_income_ratio_std, property_value_std, term_360, conforming, income_std",0.809829048564648,0.7310823830850511,4.0,100.0,6842.0
256,64,10,12,4,0.05,0.5,5,1,"intro_rate_period_std, property_value_std, no_intro_rate_period_std",0.5,1.0,4.0,100.0,6842.0
