max_bins,max_interaction_bins,interactions,outer_bags,inner_bags,learning_rate,validation_size,min_samples_leaf,max_leaves,features,auc,air,n_jobs,early_stopping_rounds,random_state
128,16,5,8,4,0.001,0.5,10,1,loan_amount_std,0.5,1.0,4.0,100.0,1482.0
256,32,10,8,0,0.001,0.5,5,5,"no_intro_rate_period_std, property_value_std, term_360, loan_amount_std, debt_to_income_ratio_std, loan_to_value_ratio_std, income_std, debt_to_income_ratio_missing, intro_rate_period_std, conforming",0.8222312999992981,0.7057099746165539,4.0,100.0,1482.0
512,64,10,4,0,0.01,0.5,2,1,"intro_rate_period_std, loan_to_value_ratio_std, loan_amount_std",0.5,1.0,4.0,100.0,1482.0
256,16,15,8,4,0.001,0.5,10,5,"debt_to_income_ratio_missing, term_360, debt_to_income_ratio_std, loan_to_value_ratio_std, conforming, property_value_std, no_intro_rate_period_std, income_std",0.8180314013834845,0.7135725009960998,4.0,100.0,1482.0
128,16,5,12,4,0.01,0.25,2,5,"term_360, property_value_std, loan_amount_std",0.7597270418102476,0.7733074787515857,4.0,100.0,1482.0
512,64,10,4,4,0.01,0.25,10,1,"intro_rate_period_std, debt_to_income_ratio_missing, income_std, property_value_std, loan_amount_std, term_360, debt_to_income_ratio_std, conforming",0.5,1.0,4.0,100.0,1482.0
256,32,10,12,4,0.01,0.25,10,3,"term_360, conforming, income_std, loan_amount_std",0.6859276312154083,0.9885739586171838,4.0,100.0,1482.0
128,64,5,4,4,0.001,0.1,10,5,"debt_to_income_ratio_std, loan_amount_std, conforming, property_value_std, debt_to_income_ratio_missing, no_intro_rate_period_std",0.7956298275437577,0.7366276471969009,4.0,100.0,1482.0
128,64,5,12,0,0.01,0.1,1,3,"debt_to_income_ratio_std, income_std, property_value_std, conforming, intro_rate_period_std, debt_to_income_ratio_missing",0.7763609378054317,0.8048244137195075,4.0,100.0,1482.0
128,32,15,4,0,0.01,0.1,10,5,"term_360, intro_rate_period_std, conforming, no_intro_rate_period_std, loan_amount_std, debt_to_income_ratio_std",0.7398391212120016,0.8596472542755044,4.0,100.0,1482.0
128,32,10,4,4,0.001,0.25,1,3,"debt_to_income_ratio_missing, debt_to_income_ratio_std, no_intro_rate_period_std, loan_to_value_ratio_std, loan_amount_std, income_std",0.8173593719165,0.7225684864083729,4.0,100.0,1482.0
512,64,10,8,4,0.01,0.5,2,1,"loan_to_value_ratio_std, property_value_std, debt_to_income_ratio_std, conforming, loan_amount_std, no_intro_rate_period_std, debt_to_income_ratio_missing",0.5,1.0,4.0,100.0,1482.0
128,32,5,12,4,0.01,0.5,2,3,"debt_to_income_ratio_std, property_value_std, no_intro_rate_period_std, loan_amount_std, income_std, intro_rate_period_std, conforming, term_360, debt_to_income_ratio_missing",0.8067675807139012,0.7480854979300992,4.0,100.0,1482.0
256,16,10,8,0,0.001,0.1,1,1,"no_intro_rate_period_std, term_360, intro_rate_period_std, income_std, debt_to_income_ratio_std, property_value_std, conforming",0.5,1.0,4.0,100.0,1482.0
256,32,15,4,4,0.001,0.5,2,1,"debt_to_income_ratio_std, debt_to_income_ratio_missing, no_intro_rate_period_std, conforming, property_value_std, loan_to_value_ratio_std, term_360, intro_rate_period_std, income_std, loan_amount_std",0.5,1.0,4.0,100.0,1482.0
128,16,10,12,0,0.01,0.1,1,1,"conforming, loan_amount_std, loan_to_value_ratio_std, intro_rate_period_std, debt_to_income_ratio_missing, term_360, debt_to_income_ratio_std, property_value_std, no_intro_rate_period_std, income_std",0.5,1.0,4.0,100.0,1482.0
128,32,5,12,4,0.01,0.5,2,1,loan_to_value_ratio_std,0.5,1.0,4.0,100.0,1482.0
512,32,5,8,4,0.01,0.5,1,1,"income_std, no_intro_rate_period_std, conforming, loan_to_value_ratio_std, debt_to_income_ratio_missing, intro_rate_period_std",0.5,1.0,4.0,100.0,1482.0
256,64,10,4,4,0.001,0.25,2,1,"loan_amount_std, conforming, property_value_std, debt_to_income_ratio_std, no_intro_rate_period_std, income_std",0.5,1.0,4.0,100.0,1482.0
128,64,15,4,0,0.01,0.5,10,5,"debt_to_income_ratio_missing, income_std, property_value_std, loan_amount_std, conforming",0.7761365020596004,0.7177011862509934,4.0,100.0,1482.0
512,32,5,4,4,0.01,0.25,5,5,"debt_to_income_ratio_missing, term_360, conforming, no_intro_rate_period_std, debt_to_income_ratio_std, income_std, loan_to_value_ratio_std, loan_amount_std, intro_rate_period_std",0.820574368036044,0.7133637662086914,4.0,100.0,1482.0
256,16,5,12,0,0.05,0.1,1,3,"debt_to_income_ratio_missing, income_std, property_value_std",0.7157482594481238,0.9146948713482203,4.0,100.0,1482.0
128,64,10,12,0,0.01,0.5,2,5,"loan_to_value_ratio_std, loan_amount_std, intro_rate_period_std, term_360, property_value_std",0.801728350046421,0.6472286388662419,4.0,100.0,1482.0
128,32,15,8,4,0.001,0.25,10,5,"debt_to_income_ratio_std, property_value_std, term_360, intro_rate_period_std, debt_to_income_ratio_missing, income_std, loan_to_value_ratio_std",0.8243793000052828,0.7160267553381345,4.0,100.0,1482.0
512,32,15,12,4,0.01,0.1,2,3,"debt_to_income_ratio_std, loan_amount_std, loan_to_value_ratio_std, no_intro_rate_period_std, term_360, conforming, debt_to_income_ratio_missing",0.8140328281887281,0.7053515681806324,4.0,100.0,1482.0
512,16,15,8,4,0.01,0.1,1,5,"loan_amount_std, no_intro_rate_period_std, income_std",0.6772505954385472,0.9879611813044136,4.0,100.0,1482.0
512,16,15,8,4,0.05,0.25,1,1,"debt_to_income_ratio_std, property_value_std, loan_to_value_ratio_std",0.5,1.0,4.0,100.0,1482.0
128,64,5,4,4,0.001,0.25,1,1,"debt_to_income_ratio_std, debt_to_income_ratio_missing, income_std, conforming, intro_rate_period_std, term_360, property_value_std, loan_amount_std, no_intro_rate_period_std",0.5,1.0,4.0,100.0,1482.0
256,32,10,8,4,0.001,0.25,10,3,debt_to_income_ratio_std,0.6266749425025864,0.902099821948905,4.0,100.0,1482.0
512,32,15,12,0,0.001,0.5,1,1,"property_value_std, loan_amount_std, debt_to_income_ratio_missing, income_std, debt_to_income_ratio_std, intro_rate_period_std, loan_to_value_ratio_std",0.5,1.0,4.0,100.0,1482.0
128,32,15,4,0,0.001,0.25,2,3,"conforming, term_360, intro_rate_period_std, income_std, debt_to_income_ratio_std, property_value_std, debt_to_income_ratio_missing, no_intro_rate_period_std, loan_to_value_ratio_std, loan_amount_std",0.8245016145245424,0.7211566955224027,4.0,100.0,1482.0
256,32,5,12,4,0.01,0.1,10,1,loan_amount_std,0.5,1.0,4.0,100.0,1482.0
128,64,10,12,0,0.001,0.5,5,1,"loan_to_value_ratio_std, property_value_std, debt_to_income_ratio_missing, intro_rate_period_std, conforming, income_std, loan_amount_std, debt_to_income_ratio_std, no_intro_rate_period_std, term_360",0.5,1.0,4.0,100.0,1482.0
512,64,5,4,4,0.001,0.1,10,3,"income_std, debt_to_income_ratio_std, no_intro_rate_period_std",0.6842055831632643,0.915044164762419,4.0,100.0,1482.0
128,64,10,8,4,0.001,0.1,10,5,"term_360, conforming, property_value_std, debt_to_income_ratio_std",0.7531911653229894,0.8090571955431317,4.0,100.0,1482.0
128,32,10,4,4,0.001,0.1,5,3,"income_std, conforming, intro_rate_period_std, loan_amount_std, no_intro_rate_period_std, debt_to_income_ratio_std, term_360",0.7473423402648544,0.8635482634721092,4.0,100.0,1482.0
128,32,15,4,4,0.001,0.25,5,1,"term_360, property_value_std, loan_to_value_ratio_std, debt_to_income_ratio_std, debt_to_income_ratio_missing, no_intro_rate_period_std, conforming",0.5,1.0,4.0,100.0,1482.0
512,32,5,12,0,0.001,0.25,2,5,"income_std, loan_amount_std, loan_to_value_ratio_std, no_intro_rate_period_std, conforming, property_value_std",0.7951371252601593,0.6658526404390968,4.0,100.0,1482.0
128,16,5,4,0,0.05,0.1,5,5,"term_360, income_std, loan_amount_std, loan_to_value_ratio_std, debt_to_income_ratio_std, property_value_std, conforming, debt_to_income_ratio_missing, intro_rate_period_std",0.8204324501574358,0.716871457003036,4.0,100.0,1482.0
512,64,10,4,4,0.001,0.1,5,5,"conforming, loan_amount_std, debt_to_income_ratio_missing, intro_rate_period_std, no_intro_rate_period_std",0.6783448163481283,0.9988529615277464,4.0,100.0,1482.0
128,64,10,8,4,0.001,0.1,2,1,"income_std, loan_to_value_ratio_std, no_intro_rate_period_std, intro_rate_period_std, property_value_std, loan_amount_std, conforming, debt_to_income_ratio_std, term_360, debt_to_income_ratio_missing",0.5,1.0,4.0,100.0,1482.0
128,32,5,4,0,0.001,0.5,5,5,"conforming, loan_to_value_ratio_std, loan_amount_std, property_value_std, term_360",0.7837094462124538,0.6499617304273174,4.0,100.0,1482.0
512,64,10,8,4,0.001,0.1,10,1,"loan_amount_std, income_std, debt_to_income_ratio_std, term_360",0.5,1.0,4.0,100.0,1482.0
128,32,10,4,4,0.01,0.25,2,3,"loan_amount_std, term_360, intro_rate_period_std, debt_to_income_ratio_missing, debt_to_income_ratio_std, income_std, property_value_std, no_intro_rate_period_std",0.8073710348233081,0.7510072825734007,4.0,100.0,1482.0
128,16,5,4,0,0.01,0.5,10,3,"debt_to_income_ratio_std, loan_amount_std, income_std, intro_rate_period_std, no_intro_rate_period_std, term_360, debt_to_income_ratio_missing, property_value_std",0.8003482825855605,0.7489020046529259,4.0,100.0,1482.0
512,64,5,12,0,0.001,0.1,5,3,income_std,0.6469912551193788,1.0,4.0,100.0,1482.0
128,32,10,12,0,0.001,0.25,5,5,"debt_to_income_ratio_missing, loan_to_value_ratio_std, income_std, property_value_std, loan_amount_std, term_360",0.787452784120356,0.6645114827143052,4.0,100.0,1482.0
512,16,5,8,4,0.01,0.5,2,3,"income_std, loan_to_value_ratio_std, debt_to_income_ratio_missing, term_360, loan_amount_std",0.7876993059662705,0.6733154506916057,4.0,100.0,1482.0
512,16,10,8,4,0.05,0.25,5,1,"intro_rate_period_std, property_value_std, no_intro_rate_period_std, debt_to_income_ratio_missing, loan_to_value_ratio_std",0.5,1.0,4.0,100.0,1482.0
256,16,10,12,0,0.001,0.5,5,5,"debt_to_income_ratio_missing, debt_to_income_ratio_std, loan_to_value_ratio_std, income_std, loan_amount_std, intro_rate_period_std, no_intro_rate_period_std",0.8223901025231846,0.7202667293644041,4.0,100.0,1482.0
